id,author,title,tags,date
"6718f3f9eeaf2a71ce748007","123","123","123","2024-10-23T13:02:49.352Z"
"50ab0f8bbcf1bfe2536dc3f9","machine","Bill of Rights","watchmaker, santa, xylophone, math, handsaw, dream, undershirt, dolphin, tanker, action","2012-11-20T05:05:15.231Z"
"50ab0f8bbcf1bfe2536dc3fa","machine","US Constitution","brow, mall, net, specialist, balloon, page, singer, dolphin, pumpkin, bassoon","2012-11-20T05:05:15.232Z"
"50ab0f8bbcf1bfe2536dc3fb","machine","Gettysburg Address","avenue, distance, copper, interactive, lunchroom, hallway, laugh, america, temperature, cold","2012-11-20T05:05:15.234Z"
"50ab0f8bbcf1bfe2536dc401","machine","US Constitution","stove, pair, software, liquor, food, punishment, barber, prepared, polyester, country","2012-11-20T05:05:15.243Z"
"50ab0f8bbcf1bfe2536dc402","machine","Bill of Rights","leo, bay, hair, bowling, feeling, philosophy, weather, playground, stomach, use","2012-11-20T05:05:15.245Z"
"50ab0f8bbcf1bfe2536dc403","machine","US Constitution","chauffeur, dresser, religion, salt, dahlia, umbrella, grain, bathroom, fire, shade","2012-11-20T05:05:15.246Z"
"50ab0f8bbcf1bfe2536dc406","machine","US Constitution","bottom, sponge, light, match, gearshift, waterfall, party, modem, preface, brochure","2012-11-20T05:05:15.251Z"
"50ab0f8bbcf1bfe2536dc40b","machine","Bill of Rights","kayak, tenor, parentheses, ambulance, rabbi, jacket, lamb, fold, forehead, chauffeur","2012-11-20T05:05:15.259Z"
"50ab0f8bbcf1bfe2536dc40c","machine","Declaration of Independence","icebreaker, algebra, scene, hospital, fender, index, sound, tuna, cd, parallelogram","2012-11-20T05:05:15.261Z"
"50ab0f8bbcf1bfe2536dc40d","machine","Gettysburg Address","suit, himalayan, cancer, heart, bibliography, advantage, can, expansion, dinosaur, moon","2012-11-20T05:05:15.262Z"
"50ab0f8bbcf1bfe2536dc40e","machine","Gettysburg Address","season, rest, viola, saudi arabia, difference, computer, humor, valley, scene, jute","2012-11-20T05:05:15.264Z"
"50ab0f8bbcf1bfe2536dc40f","machine","Bill of Rights","column, hardware, sword, garden, mask, lion, step-grandmother, gosling, bandana, goldfish","2012-11-20T05:05:15.265Z"
"50ab0f8bbcf1bfe2536dc411","machine","Bill of Rights","force, wedge, missile, teacher, customer, slice, gum, leaf, tank, litter","2012-11-20T05:05:15.269Z"
"50ab0f8bbcf1bfe2536dc412","machine","US Constitution","sister, landmine, puppy, helicopter, smile, thing, encyclopedia, bedroom, font, prosecution","2012-11-20T05:05:15.270Z"
"50ab0f8bbcf1bfe2536dc414","machine","Gettysburg Address","curler, copper, bead, siamese, governor, prosecution, meal, representative, yoke, board","2012-11-20T05:05:15.274Z"
"50ab0f8bbcf1bfe2536dc416","machine","US Constitution","engineer, granddaughter, sundial, archer, patricia, cut, caterpillar, cheek, rainbow, self","2012-11-20T05:05:15.276Z"
"50ab0f8bbcf1bfe2536dc417","machine","US Constitution","chord, select, persian, newsprint, competitor, pain, crate, shadow, trial, croissant","2012-11-20T05:05:15.278Z"
"50ab0f8bbcf1bfe2536dc419","machine","Bill of Rights","custard, chicory, input, pharmacist, self, ball, beam, pound, german, cello","2012-11-20T05:05:15.281Z"
"50ab0f8bbcf1bfe2536dc41a","machine","Gettysburg Address","saturday, acknowledgment, tugboat, germany, restaurant, drum, toad, straw, objective, love","2012-11-20T05:05:15.282Z"
"50ab0f8bbcf1bfe2536dc41b","machine","Declaration of Independence","canada, january, condition, joke, numeric, pantry, yard, physician, amount, emery","2012-11-20T05:05:15.284Z"
"50ab0f8bbcf1bfe2536dc41d","machine","Gettysburg Address","jason, lyre, egg, shell, waste, puffin, brush, potato, shape, bulb","2012-11-20T05:05:15.287Z"
"50ab0f8bbcf1bfe2536dc41e","machine","US Constitution","tire, growth, thursday, mandolin, governor, philosophy, zoology, libra, seal, ladybug","2012-11-20T05:05:15.289Z"
"50ab0f8bbcf1bfe2536dc41f","machine","US Constitution","memory, market, luttuce, author, ceramic, eel, jacket, barber, boundary, blade","2012-11-20T05:05:15.290Z"
"50ab0f8bbcf1bfe2536dc420","machine","Declaration of Independence","acrylic, music, pancake, silica, colony, lisa, begonia, blouse, kilogram, team","2012-11-20T05:05:15.292Z"
"50ab0f8bbcf1bfe2536dc421","machine","Bill of Rights","drill, flesh, cd, body, gum, partner, pyramid, stepdaughter, replace, french","2012-11-20T05:05:15.293Z"
"50ab0f8bbcf1bfe2536dc422","machine","Bill of Rights","vermicelli, kitty, squid, adapter, hearing, gosling, bassoon, bill, building, paul","2012-11-20T05:05:15.295Z"
"50ab0f8bbcf1bfe2536dc423","machine","Gettysburg Address","sweatshirt, twig, pancake, sweets, frown, temple, pocket, pepper, jute, consonant","2012-11-20T05:05:15.296Z"
"50ab0f8bbcf1bfe2536dc428","machine","Gettysburg Address","hardhat, bicycle, walk, viscose, malaysia, file, viola, humor, pumpkin, path","2012-11-20T05:05:15.304Z"
"50ab0f8bbcf1bfe2536dc42a","machine","Gettysburg Address","roof, dryer, cupboard, report, revolver, willow, organization, opinion, shoe, plough","2012-11-20T05:05:15.307Z"
"50ab0f8bbcf1bfe2536dc42b","machine","Gettysburg Address","zephyr, kilometer, cheese, second, point, linen, thistle, slash, hand, skiing","2012-11-20T05:05:15.308Z"
"50ab0f8bbcf1bfe2536dc42d","machine","Declaration of Independence","self, bag, clutch, sphynx, beech, hardhat, step-uncle, museum, bomb, system","2012-11-20T05:05:15.311Z"
"50ab0f8bbcf1bfe2536dc42e","machine","Bill of Rights","factory, desire, cloudy, epoch, vegetarian, coal, brother, middle, overcoat, trip","2012-11-20T05:05:15.313Z"
"50ab0f8bbcf1bfe2536dc431","machine","US Constitution","argentina, birthday, archer, writer, windshield, light, hospital, piano, sort, shield","2012-11-20T05:05:15.317Z"
"50ab0f8bbcf1bfe2536dc432","machine","US Constitution","bolt, lipstick, composition, rowboat, adjustment, ronald, yacht, step-father, armadillo, rainstorm","2012-11-20T05:05:15.319Z"
"50ab0f8bbcf1bfe2536dc433","machine","Bill of Rights","head, anethesiologist, daisy, lentil, trade, tennis, weasel, accountant, experience, mask","2012-11-20T05:05:15.320Z"
"50ab0f8bbcf1bfe2536dc43b","machine","US Constitution","cup, community, santa, height, peen, beer, criminal, cousin, refund, clover","2012-11-20T05:05:15.344Z"
"50ab0f8bbcf1bfe2536dc43c","machine","US Constitution","opera, pen, sort, touch, nest, ruth, bagel, carnation, seashore, jet","2012-11-20T05:05:15.346Z"
"50ab0f8bbcf1bfe2536dc440","machine","Bill of Rights","lake, ptarmigan, pajama, hardcover, missile, market, mailbox, citizenship, scale, knot","2012-11-20T05:05:15.352Z"
"50ab0f8bbcf1bfe2536dc441","machine","Bill of Rights","egypt, horn, cylinder, number, toenail, leather, ship, armenian, sagittarius, sneeze","2012-11-20T05:05:15.354Z"
"50ab0f8bbcf1bfe2536dc442","machine","Gettysburg Address","gas, margin, plant, macrame, rub, quotation, riverbed, ounce, tornado, millisecond","2012-11-20T05:05:15.355Z"
"50ab0f8bbcf1bfe2536dc444","machine","Gettysburg Address","jeep, church, white, harmonica, tyvek, judo, toenail, sunshine, bicycle, storm","2012-11-20T05:05:15.358Z"
"50ab0f8bbcf1bfe2536dc446","machine","US Constitution","steam, afterthought, meter, teeth, burst, eye, address, harmony, sky, lier","2012-11-20T05:05:15.361Z"
"50ab0f8bbcf1bfe2536dc447","machine","Bill of Rights","library, condition, increase, modem, astronomy, charles, destruction, mexico, decision, umbrella","2012-11-20T05:05:15.362Z"
"50ab0f8bbcf1bfe2536dc44a","machine","Gettysburg Address","alibi, boundary, push, club, forehead, lycra, lisa, wash, hardhat, spy","2012-11-20T05:05:15.367Z"
"50ab0f8bbcf1bfe2536dc44c","machine","Declaration of Independence","kayak, block, rainstorm, message, care, destruction, flock, aluminum, dinghy, energy","2012-11-20T05:05:15.370Z"
"50ab0f8bbcf1bfe2536dc44d","machine","Declaration of Independence","litter, sand, dad, icicle, slash, damage, foot, turn, cost, address","2012-11-20T05:05:15.371Z"
"50ab0f8bbcf1bfe2536dc44e","machine","Bill of Rights","blow, vulture, edger, structure, collar, gymnast, good-bye, dietician, alibi, father","2012-11-20T05:05:15.373Z"
"50ab0f8bbcf1bfe2536dc44f","machine","Declaration of Independence","switch, yarn, leather, aluminium, beaver, steven, square, hair, education, titanium","2012-11-20T05:05:15.374Z"
"50ab0f8bbcf1bfe2536dc450","machine","Declaration of Independence","love, shake, sled, panda, french, brain, rod, south korea, bomber, slime","2012-11-20T05:05:15.376Z"
